"test";"test";"test";"D:\OSPanel\domains\library.local\UserFiles\1633963741.736_9374_"
"test";"test";"test";"D:\OSPanel\domains\library.local\UserFiles\1633963858.6339_9428_1.csv"
"test";"test";"test";""
"test";"test";"test";""
"test";"test";"test";""
"test";"test";"test";""
"asdf";"asdf";"asdf";""
"fdgsd";"sdsfgsdg";"sdfgsdgf";""
"hdfhdfgh";"dfgh";"dfghdfgh";""
"asdfa";"asdfasd";"asdfasf";""
"asdfasfd";"asdf";"asdf";""
"adf";"dsa";"asdfas";""
"fdsa";"assdf";"asdf";""
"asdfa";"asdfasdfasdfas";"asdfasf";""
"fghdfg";"dfgh";"dfhg";""
"qwerw";"werq";"qwer";""
"fgh";"dfg";"fgdfgh";""
"sdfgds";"sdfgs";"sdfgsd";""
"yert";"ertyter";"ertye";""
"azsdf";"sdfzsfd";"szfsdfzsd";""
"bgerg";"grttrg";"ertget";""
"gwegerg";"dgfdsgs";"sdfgsdfg";""
